{
  "BLEU-1": 21.34831460674157,
  "BLEU-4": 7.034863849003442,
  "ROUGE-L": 24.416811757215477,
  "METEOR": 37.567153926117754,
  "CIDEr": 1.9293644598403492,
  "avg_len": 44.5,
  "num_test": 24,
  "caption_field_used": "captions_en"
}